hakbun,pc,phone
1101,10.96.121.1,10.96.121.2
1102,10.96.121.3,10.96.121.4
1103,10.96.121.5,10.96.121.6
1104,10.96.121.7,10.96.121.8
1105,10.96.121.9,10.96.121.10
1106,10.96.121.11,10.96.121.12
1107,10.96.121.13,10.96.121.14
1108,10.96.121.15,10.96.121.16
1109,10.96.121.17,10.96.121.18
1110,10.96.121.19,10.96.121.20
1111,10.96.121.21,10.96.121.22
1112,10.96.121.23,10.96.121.24
1113,10.96.121.25,10.96.121.26
1114,10.96.121.27,10.96.121.28
1115,10.96.121.29,10.96.121.30
1116,10.96.121.31,10.96.121.32
1117,10.96.121.33,10.96.121.34
1118,10.96.121.35,10.96.121.36
1119,10.96.121.37,10.96.121.38
1120,10.96.121.39,10.96.121.40
1201,10.96.121.41,10.96.121.42
1202,10.96.121.43,10.96.121.44
1203,10.96.121.45,10.96.121.46
1204,10.96.121.47,10.96.121.48
1205,10.96.121.49,10.96.121.50
1206,10.96.121.51,10.96.121.52
1207,10.96.121.53,10.96.121.54
1208,10.96.121.55,10.96.121.56
1209,10.96.121.57,10.96.121.58
1210,10.96.121.59,10.96.121.60
1211,10.96.121.61,10.96.121.62
1212,10.96.121.63,10.96.121.64
1213,10.96.121.65,10.96.121.66
1214,10.96.121.67,10.96.121.68
1215,10.96.121.69,10.96.121.70
1216,10.96.121.71,10.96.121.72
1217,10.96.121.73,10.96.121.74
1218,10.96.121.75,10.96.121.76
1219,10.96.121.77,10.96.121.78
1220,10.96.121.79,10.96.121.80
1301,10.96.121.81,10.96.121.82
1302,10.96.121.83,10.96.121.84
1303,10.96.121.85,10.96.121.86
1304,10.96.121.87,10.96.121.88
1305,10.96.121.89,10.96.121.90
1306,10.96.121.91,10.96.121.92
1307,10.96.121.93,10.96.121.94
1308,10.96.121.95,10.96.121.96
1309,10.96.121.97,10.96.121.98
1310,10.96.121.99,10.96.121.100
1311,10.96.121.101,10.96.121.102
1312,10.96.121.103,10.96.121.104
1313,10.96.121.105,10.96.121.106
1314,10.96.121.107,10.96.121.108
1315,10.96.121.109,10.96.121.110
1316,10.96.121.111,10.96.121.112
1317,10.96.121.113,10.96.121.114
1318,10.96.121.115,10.96.121.116
1319,10.96.121.117,10.96.121.118
1320,10.96.121.119,10.96.121.120
1401,10.96.121.121,10.96.121.122
1402,10.96.121.123,10.96.121.124
1403,10.96.121.125,10.96.121.126
1404,10.96.121.127,10.96.121.128
1405,10.96.121.129,10.96.121.130
1406,10.96.121.131,10.96.121.132
1407,10.96.121.133,10.96.121.134
1408,10.96.121.135,10.96.121.136
1409,10.96.121.137,10.96.121.138
1410,10.96.121.139,10.96.121.140
1411,10.96.121.141,10.96.121.142
1412,10.96.121.143,10.96.121.144
1413,10.96.121.145,10.96.121.146
1414,10.96.121.147,10.96.121.148
1415,10.96.121.149,10.96.121.150
1416,10.96.121.151,10.96.121.152
1417,10.96.121.153,10.96.121.154
1418,10.96.121.155,10.96.121.156
1419,10.96.121.157,10.96.121.158
1420,10.96.121.159,10.96.121.160
1501,10.96.121.161,10.96.121.162
1502,10.96.121.163,10.96.121.164
1503,10.96.121.165,10.96.121.166
1504,10.96.121.167,10.96.121.168
1505,10.96.121.169,10.96.121.170
1506,10.96.121.171,10.96.121.172
1507,10.96.121.173,10.96.121.174
1508,10.96.121.175,10.96.121.176
1509,10.96.121.177,10.96.121.178
1510,10.96.121.179,10.96.121.180
1511,10.96.121.181,10.96.121.182
1512,10.96.121.183,10.96.121.184
1513,10.96.121.185,10.96.121.186
1514,10.96.121.187,10.96.121.188
1515,10.96.121.189,10.96.121.190
1516,10.96.121.191,10.96.121.192
1517,10.96.121.193,10.96.121.194
1518,10.96.121.195,10.96.121.196
1519,10.96.121.197,10.96.121.198
1601,10.96.121.201,10.96.121.202
1602,10.96.121.203,10.96.121.204
1603,10.96.121.205,10.96.121.206
1604,10.96.121.207,10.96.121.208
1605,10.96.121.209,10.96.121.210
1606,10.96.121.211,10.96.121.212
1607,10.96.121.213,10.96.121.214
1608,10.96.121.215,10.96.121.216
1609,10.96.121.217,10.96.121.218
1610,10.96.121.219,10.96.121.220
1611,10.96.121.221,10.96.121.222
1612,10.96.121.223,10.96.121.224
1613,10.96.121.225,10.96.121.226
1614,10.96.121.227,10.96.121.228
1615,10.96.121.229,10.96.121.230
1616,10.96.121.231,10.96.121.232
1617,10.96.121.233,10.96.121.234
1618,10.96.121.235,10.96.121.236
1619,10.96.121.237,10.96.121.238
1620,10.96.121.239,10.96.121.240
